id,title,caption,attribution,attribution_confidence,caption_source,date_start,date_end,decade,curated,selected_default,classification,recommended_print,master_file_id,rights_status,research_status
img_17d9fad337a3fded,Ceremonial Big House Morongo,"Ceremonial Big House Morongo, 1800",Unknown,unknown,Original filename / collection working title,1800,1800,1800,True,True,Reference Only,2.3 × 1.8 in at 100 PPI,file_102c647a7603cb35,Unclear,Needs research
img_c39e3df610ea24d9,Weaver,"Pauline Weaver, c. 1850s-1860s (Pauline Weaver, d.1867)",Unknown,unknown,Original filename / collection working title,1845,1867,1840,True,True,Reference Only,1.7 × 2.4 in at 100 PPI,file_e5d7e62a8efa93d5,Unclear,Date researched
img_650198dd9e4987ea,1860S Stagecoach Downtown Beaumont,"Stagecoach downtown Beaumont, 1860",Unknown,unknown,Original filename / collection working title,1860,1860,1860,True,True,Reference Only,4.5 × 3 in at 100 PPI,file_4a86cb8481b40b1c,Unclear,Needs research
img_6f833a14a7764e47,Beaumont Train Depot Calisphere,"Beaumont Train Depot, 1875","Beaumont Library District Local History Collection, via Calisphere",medium,Provenance embedded in original filename,1875,1875,1870,True,True,Reference Only,9.2 × 7.5 in at 100 PPI,file_82c1ab228c096c21,Unclear,Needs research
img_4e8d4526096e0dd7,Post Office,"Post Office at Fifth & Egan Ave., 1890s",Beaumont Library District,confirmed,San Gorgonio Pass Historical Society timeline (httpssgphs.org),1879,1890,1870,True,True,Reference Only,4.5 × 3.2 in at 100 PPI,file_1afe8689e66cecfb,Unclear,Needs research
img_c15c20a838d86c18,Stewart Ranch,"Stewart Ranch, 1883",Unknown,unknown,Original filename / collection working title,1883,1883,1880,True,True,Reference Only,4.5 × 3.6 in at 100 PPI,file_a7f6a7d24337d6c4,Unclear,Needs research
img_5658eba56b079aef,Egan Avenue Early Days,"Egan Ave., very early days",Beaumont Library District,confirmed,San Gorgonio Pass Historical Society timeline (httpssgphs.org),1885,1895,1880,False,False,Reference Only,4.5 × 3.5 in at 100 PPI,file_a2d68236077282d5,Unclear,Date researched
img_4e6f8597cedbda5b,Jane Eyer Smoot,Jane Eyer Smoot 1859-1935,Unknown,unknown,Original filename / collection working title,1885,1920,1880,False,False,Production Ready,18.4 × 18.4 in at 100 PPI,file_68f9b77b766bbd26,Unclear,Date researched
img_a7581c3a3616e8da,Jane Eyer Smoot,"Jane Eyer Smoot, c. 1885-1920 (subject 1859-1935)",Unknown,unknown,Original filename / collection working title,1885,1920,1880,False,False,Reference Only,2.6 × 2.6 in at 100 PPI,file_626ce508cfa65cad,Unclear,Date researched
img_317c261e7e95cb9d,Kenneth Russell Smoot And Jane Eyer Smoot,"Kenneth Russell Smoot, 1857-1932, and Jane Eyer Smoot",Unknown,unknown,Original filename / collection working title,1885,1915,1880,False,False,Reference Only,2.7 × 2.7 in at 100 PPI,file_53bc7016a42f5ad8,Unclear,Date researched
img_676c1d159bb01165,Beaumont Map Diagonal Streets To Left Were Mapped By George C Egan,"Beaumont map diagonal streets to left were mapped by George C. Egan, c. 1887 (original plat)",Unknown,unknown,Original filename / collection working title,1887,1895,1880,False,False,Reference Only,11.5 × 7.4 in at 100 PPI,file_766e847f395d02b5,Unclear,Date researched
img_43eb34083eb2296d,Hotel Beaumont,"Hotel Beaumont, 1888",Beaumont Library District,confirmed,San Gorgonio Pass Historical Society timeline (httpssgphs.org),1888,1888,1880,False,False,Reference Only,9.2 × 6.3 in at 100 PPI,file_9bc1746066487deb,Unclear,Needs research
img_b08de96dbf496fab,Beaumont Hotel C1890,"Beaumont Hotel, 1890",Unknown,unknown,Original filename / collection working title,1890,1890,1890,False,False,Reference Only,9.2 × 7.2 in at 100 PPI,file_2e767759fde926ac,Unclear,Needs research
img_b2764c9151e44824,Beaumont Land And Water Company From Beaumont Library District,"Beaumont Land and Water Company, c. 1890-1905",Beaumont Library District,high,Provenance embedded in original filename,1890,1905,1890,False,False,Reference Only,4.5 × 3.6 in at 100 PPI,file_a61d9dc24edbb4c4,Unclear,Date researched
img_049b709d6ffb773a,Beaumont Vista With Hotel Beaumont Visible To Right Of Town Undated,"Beaumont vista with Hotel Beaumont visible to right of town, c. 1890-1909",Unknown,unknown,Original filename / collection working title,1890,1909,1890,False,False,Reference Only,8.6 × 6.6 in at 100 PPI,file_b687abb7d8963c1f,Unclear,Date researched
img_291537b3068812cf,Clarendon B Eyer,"Clarendon B. Eyer, c. 1890-1915",Unknown,unknown,Original filename / collection working title,1890,1915,1890,False,False,Reference Only,1 × 1.4 in at 100 PPI,file_1c9ea6c89be189cc,Unclear,Date researched
img_dbf7e0bb619c1c74,Cora K Eyer,"Cora K. Eyer, c. 1890-1915",Unknown,unknown,Original filename / collection working title,1890,1915,1890,False,False,Reference Only,2.2 × 2.7 in at 100 PPI,file_19eed4484c184cab,Unclear,Date researched
img_477fd73b5434521f,John J Mccoy Lumberyard,"John J. McCoy lumberyard, c. 1890-1910",Unknown,unknown,Original filename / collection working title,1890,1910,1890,False,False,Reference Only,4.5 × 3.1 in at 100 PPI,file_e8eae5f89cf755e3,Unclear,Date researched
img_07a9db15e22db499,Railroad Workers 1890S,"Railroad workers at Beaumont Train Depot, 1890s",Banning Library District,confirmed,San Gorgonio Pass Historical Society timeline (httpssgphs.org),1890,1890,1890,False,False,Reference Only,4.5 × 3 in at 100 PPI,file_6cdaa20c842dae91,Unclear,Needs research
img_3f09693198e8de04,Summit House 1890S,"Summit House, Banning, 1890s",Beaumont Library District,confirmed,San Gorgonio Pass Historical Society timeline (httpssgphs.org),1890,1890,1890,False,False,Reference Only,4.5 × 3 in at 100 PPI,file_3017aa80d1cfd66f,Unclear,Needs research
img_5f9b3935055576a5,Wellwood School,"Wellwood School, first building, 1890–1893",Beaumont Library District,confirmed,San Gorgonio Pass Historical Society timeline (httpssgphs.org),1890,1890,1890,False,False,Production Ready,32.3 × 20 in at 100 PPI,file_dad8d6f3d912fe48,Unclear,Needs research
img_31bfa277fbd3230d,Wellwood School House Building,"Wellwood School House old building, c. 1890s",Unknown,unknown,Original filename / collection working title,1890,1905,1890,False,False,Production Ready,29.9 × 18.6 in at 100 PPI,file_a9c390e28cd46575,Unclear,Date researched
img_6278e20aa65dd6a8,Beaumont Land And Water Pumping Station From Beaumont Library District,"Beaumont Land and Water pumping station, c. 1895-1910",Beaumont Library District,high,Provenance embedded in original filename,1895,1910,1890,False,False,Reference Only,4.5 × 3.2 in at 100 PPI,file_4e8cb17b9375d119,Unclear,Date researched
img_9a09c6788b0dddf1,Girl Cattle At Well At Bliss Ranch Beaumont From Beaumont Library District,"Girl, cattle at well at Bliss Ranch Beaumont, c. 1895-1915",Beaumont Library District,high,Provenance embedded in original filename,1895,1915,1890,False,False,Reference Only,4.5 × 3.6 in at 100 PPI,file_07f89426b311c2c6,Unclear,Date researched
img_157678621f95c278,Egan Ave Looking North,"Egan Ave. looking north, c. 1898-1908",Unknown,unknown,Original filename / collection working title,1898,1908,1890,False,False,Reference Only,4.5 × 3.5 in at 100 PPI,file_471661eae5c41d0e,Unclear,Date researched
img_3e252c3b2ce712aa,Beaumont Orchards From Beaumont Library District,"Beaumont orchards, c. 1900-1925",Beaumont Library District,high,Provenance embedded in original filename,1900,1925,1900,False,False,Reference Only,4.5 × 3.1 in at 100 PPI,file_24a2639d97872010,Unclear,Date researched
img_92d81318b1127f4b,Egan Ave Block From Beaumont Library District,"Summit House in Beaumont, c. 1900-1915",Beaumont Library District,high,Provenance embedded in original filename,1900,1915,1900,False,False,Reference Only,8.1 × 5.2 in at 100 PPI,file_932e28e1d506368f,Unclear,Date researched
img_d94679a3a45f55c0,Eucalyptus,"Eucalyptus trees, Beaumont Avenue, c. 1900",Beaumont Library District,confirmed,San Gorgonio Pass Historical Society timeline (httpssgphs.org),1900,1900,1900,False,False,Reference Only,9.2 × 7.2 in at 100 PPI,file_9e089b54965e6eed,Unclear,Needs research
img_6205c940ef544e0b,Francis Marion Dowling Sr And Iola Stower Dowling,"Francis Marion Dowling Sr. and Iola Stower Dowling, c. 1900-1920",Unknown,unknown,Original filename / collection working title,1900,1920,1900,False,False,Potentially Usable,9.4 × 13.7 in at 100 PPI,file_7a212b19fc220bcf,Unclear,Date researched
img_70f5802804fd1652,Hotel Beaumont And Beaumont Train Station And Peter Allen Store Postcard Front Fr Karen Sumner Noordman,"Hotel Beaumont and Beaumont train station and Peter Allen Store, c. 1900-1908",Karen Sumner Noordman,high,Provenance embedded in original filename,1900,1908,1900,False,False,Potentially Usable,14.9 × 9.8 in at 100 PPI,file_7545ae933a1593e8,Unclear,Date researched
img_c6fa941a29b0f0cd,Hotel Beaumont Renamed Hotel Edinburgh Postcard,"Hotel Beaumont renamed Hotel Edinburgh postcard, c. 1900-1909",Unknown,unknown,Original filename / collection working title,1900,1909,1900,False,False,Reference Only,3.6 × 2.4 in at 100 PPI,file_e7f24d3599ab24a2,Unclear,Date researched
img_953fbfaa8e42a2fb,Iola Stower Dowling Young,"Iola Stower Dowling young, c. 1900-1918",Unknown,unknown,Original filename / collection working title,1900,1918,1900,False,False,Reference Only,4.9 × 6.5 in at 100 PPI,file_9154a3f6c0e775d6,Unclear,Date researched
img_7b302ec1a5a6c157,Reznor Stewart,"Reznor Stewart, c. 1900-1915",Unknown,unknown,Original filename / collection working title,1900,1915,1900,False,False,Reference Only,3.2 × 4.3 in at 100 PPI,file_280fb5683afe1574,Unclear,Date researched
img_e223c8fe27b85e0d,Reznor Stewart Date A,"Reznor Stewart, c. 1900-1915",Unknown,unknown,Original filename / collection working title,1900,1915,1900,False,False,Potentially Usable,11.2 × 16.4 in at 100 PPI,file_0ba8eb9ab1750422,Unclear,Date researched
img_1dfdd8cac1f62558,Reznor Stewart Date B,"Reznor Stewart, c. 1900-1915",Unknown,unknown,Original filename / collection working title,1900,1915,1900,False,False,Reference Only,5.4 × 8.9 in at 100 PPI,file_9f74697e7d047f49,Unclear,Date researched
img_df9bd9231a83651c,Reznor Stewart Date C,"Reznor Stewart, c. 1900-1915",Unknown,unknown,Original filename / collection working title,1900,1915,1900,False,False,Production Ready,21.7 × 32.7 in at 100 PPI,file_08ae72570afb10b3,Unclear,Date researched
img_2846f7be40e9aff6,Stewart Ranch Equipment Undated A,"Stewart Ranch equipment, c. 1900-1930",Unknown,unknown,Original filename / collection working title,1900,1930,1900,False,False,Production Ready,26.7 × 16.9 in at 100 PPI,file_6db26e5fb33d90bf,Unclear,Date researched
img_cfdaf786f32d7ba0,Stewart Ranch Equipment Undated B,"Stewart Ranch equipment, c. 1900-1930",Unknown,unknown,Original filename / collection working title,1900,1930,1900,False,False,Production Ready,36.3 × 27.2 in at 100 PPI,file_24e06bf6d568fa7e,Unclear,Date researched
img_45720d2a6586237d,Traditional House On Morongo Reservation,"Traditional house on Morongo Reservation, 1900",Unknown,unknown,Original filename / collection working title,1900,1900,1900,True,True,Reference Only,4.5 × 3 in at 100 PPI,file_d4cbc371f3177146,Unclear,Needs research
img_83b4208d7a588795,Water Well Beaumont From Beaumont Water District,"Water well Beaumont, c. 1900-1912",Beaumont-Cherry Valley Water District,high,Provenance embedded in original filename,1900,1912,1900,False,False,Reference Only,2.8 × 4.5 in at 100 PPI,file_1d58df53c7349e36,Unclear,Date researched
img_179919b175fe6648,Egan Avenue,"Egan Ave. looking south, 1907",Beaumont Library District,confirmed,San Gorgonio Pass Historical Society timeline (httpssgphs.org),1907,1907,1900,False,False,Reference Only,8.6 × 6.8 in at 100 PPI,file_ba7bc8aa7a702431,Unclear,Needs research
img_d5b3e8d2100926fd,Beaumont Train Depot Train At California Ave Crossing Looking North,"Beaumont train depot train at California Ave. crossing looking north, c. 1908-1918",Unknown,unknown,Original filename / collection working title,1908,1918,1900,False,False,Reference Only,9.2 × 6.6 in at 100 PPI,file_cc58d47646271b65,Unclear,Date researched
img_68556e4afecfa748,Clara Stewart Left And Laura May Stewart Right,"Clara Stewart, left, and Laura May Stewart, right, c. 1908-1918",Unknown,unknown,Original filename / collection working title,1908,1918,1900,False,False,Production Ready,27.2 × 36.3 in at 100 PPI,file_1fbe1465cbb9629b,Unclear,Date researched
img_240a367ade7eccf1,Edgar Canyon Well,"Water well drilling, Edgar Canyon, 1908",Beaumont Library District,confirmed,San Gorgonio Pass Historical Society timeline (httpssgphs.org),1908,1908,1900,False,False,Reference Only,4.5 × 3.5 in at 100 PPI,file_70127c4bb43d1fb5,Unclear,Needs research
img_7835865b7e46b59c,Egan Ave Postcard Courtesy Steve Lech Postcard Collection,"Egan Ave postcard, c. 1908-1925",Steve Lech (courtesy),high,Provenance embedded in original filename,1908,1925,1900,False,False,Reference Only,8.1 × 5.2 in at 100 PPI,file_ecdd8fa374519f4e,Unclear,Date researched
img_eabd3578774e347f,Engines At Beaumont Train Depot Roundhouse Calisphere,"Engines at Beaumont Train Depot Roundhouse, c. 1908-1918","Beaumont Library District Local History Collection, via Calisphere",medium,Provenance embedded in original filename,1908,1918,1900,False,False,Reference Only,4.5 × 3.5 in at 100 PPI,file_f0dccb003fc35106,Unclear,Date researched
img_e0a4861e5d654fdb,Eucalyptus Trees In Beaumont Vintage Postcard Looking North On Beaumont Ave,"Eucalyptus trees in Beaumont vintage postcard looking north on Beaumont Ave, c. 1908-1915",Unknown,unknown,Original filename / collection working title,1908,1915,1900,False,False,Reference Only,4.2 × 2.7 in at 100 PPI,file_15baf564413179a7,Unclear,Date researched
img_e6c2b250138da121,Frank Laura May Clara Reznor Stewart At The Ranch In Front Of A Barn,"Frank Laura May Clara Reznor Stewart at the Ranch in front of a barn, c. 1908-1913",Unknown,unknown,Original filename / collection working title,1908,1913,1900,False,False,Production Ready,29.3 × 20.3 in at 100 PPI,file_cb57134d370e82b9,Unclear,Date researched
img_f525afa6dc4390a8,Gateway Gazette,"Gateway Gazette, April 30, 1908",San Gorgonio Pass Historical Society,high,San Gorgonio Pass Historical Society timeline (httpssgphs.org),1908,1908,1900,False,False,Reference Only,1.5 × 1.9 in at 100 PPI,file_49b95f43d5df4012,Unclear,Needs research
img_f711da54b73a8423,Gateway Gazette Beaumont Leslie Rios Postcards,"Gateway Gazette Beaumont, c. 1908-1912",Leslie A. Rios III Postcard Collection,high,Provenance embedded in original filename,1908,1912,1900,False,False,Production Ready,30.8 × 20 in at 100 PPI,file_90a96d25211dcfe4,Unclear,Date researched
img_19665af80792888c,Gateway Gazette Interior Postcard Leslie Rios,"Gateway gazette interior postcard, c. 1908-1912",Leslie A. Rios III Postcard Collection,high,Provenance embedded in original filename,1908,1912,1900,False,False,Production Ready,30.5 × 20.2 in at 100 PPI,file_1f2a8f7f00b3848c,Unclear,Date researched
img_72d13585ff607c22,Morongo Band Of Mission Indians,"Morongo Band of Mission Indians, 1908",Unknown,unknown,Original filename / collection working title,1908,1908,1900,True,True,Reference Only,4.5 × 4.5 in at 100 PPI,file_30cab5e4d7341ae5,Unclear,Needs research
img_c3a4436f12810d6d,People Viewing The Flowing Well In Edgar Canyon From Beaumont Library District,"People viewing the flowing well in Edgar Canyon, 1908",Beaumont Library District,high,Provenance embedded in original filename,1908,1908,1900,False,False,Reference Only,4.5 × 2.8 in at 100 PPI,file_96dbd886a952432e,Unclear,Needs research
img_0880ba793548d705,Steve Lech Postcard Of Fifth Street,"Steve Lech Postcard of Fifth Street, c. 1908-1925",Steve Lech Postcard Collection,high,Provenance embedded in original filename,1908,1925,1900,False,False,Potentially Usable,14.8 × 9.4 in at 100 PPI,file_05e79a462e063ad9,Unclear,Date researched
img_7cc7f95ae75d9aa6,Beaumont Depot,"Beaumont Depot, 1909",Tyrrell Historical Library / Calisphere,confirmed,San Gorgonio Pass Historical Society timeline (httpssgphs.org),1909,1909,1900,False,False,Reference Only,6.6 × 4.1 in at 100 PPI,file_8bd56950f54193ed,Unclear,Needs research
img_934590dec97e3d15,Beaumont Train Depot After Expansion Remodel,"Beaumont Train Depot after expansion remodel, c. 1909-1918",Unknown,unknown,Original filename / collection working title,1909,1918,1900,False,False,Reference Only,4.8 × 3 in at 100 PPI,file_403a220bdbfaca94,Unclear,Date researched
img_98c82304eed8a985,Beaumont Train Depot Postcard From Ebay,Beaumont train depot 1909 postcard from,eBay postcard listing (original holder unknown),low,Provenance embedded in original filename,1909,1909,1900,False,False,Reference Only,8.6 × 5.3 in at 100 PPI,file_5fb00becc80a2f3a,Unclear,Needs research
img_4b0acbe1458e33c0,First Bank Of Beaumont Construction From Calisphere,"First Bank of Beaumont Construction from, 1909","Beaumont Library District Local History Collection, via Calisphere",medium,Provenance embedded in original filename,1909,1909,1900,False,False,Potentially Usable,9.1 × 9.2 in at 100 PPI,file_01316d5b3080775b,Unclear,Date researched
img_e5061c07708726ac,Hotel Fire,Beaumont Hotel fire,"L.A. Herald, August 18, 1909",confirmed,San Gorgonio Pass Historical Society timeline (httpssgphs.org),1909,1909,1900,False,False,Reference Only,5.7 × 3.4 in at 100 PPI,file_8f16fc0117d70ff6,Unclear,Needs research
img_4ae2f58167bd00f1,Sp Demo Train,"Southern Pacific Railroad Agricultural and Horticultural demonstration train in Beaumont March, 1909","Beaumont Library District Local History Collection, via Calisphere",medium,Provenance embedded in original filename,1909,1909,1900,False,False,Reference Only,4.5 × 3.8 in at 100 PPI,file_be5479c722bc34f0,Unclear,Needs research
img_7547c2a1a3855993,Beaumont Post Office And Dedication Of The Wtcu Fountain,"Beaumont Post Office and Dedication of the WTCU fountain, 1910",Unknown,unknown,Original filename / collection working title,1910,1910,1910,False,False,Reference Only,4.5 × 2.9 in at 100 PPI,file_dcb7ac191e289893,Unclear,Needs research
img_62e54c6518d7403e,Beaumont Post Office And Dedication Of The Wtcu Fountain B,"Beaumont Post Office and Dedication of the WTCU fountain, 1910",Unknown,unknown,Original filename / collection working title,1910,1910,1910,False,False,Reference Only,5.4 × 3.5 in at 100 PPI,file_d96c38c681c8499a,Unclear,Needs research
img_9c26cfc39eca4fc9,Beaumont Post Office Ne Corner Fifth St And Egan Ave,"Beaumont Post Office NE corner Fifth St. and Egan Ave, c. 1910-1915",Unknown,unknown,Original filename / collection working title,1910,1915,1910,False,False,Production Ready,36.3 × 27.2 in at 100 PPI,file_f9b84343c44450be,Unclear,Date researched
img_02861b7cd39cd162,Fifth Street,"Fifth streetlooking east at Egan, 1910",Unknown,unknown,Original filename / collection working title,1910,1910,1910,False,False,Production Ready,36.3 × 27.2 in at 100 PPI,file_bccacb5a76ec852e,Unclear,Needs research
img_4ec3e978a2772b6b,Railroad Workers Luis Estrada Fourth From Right,"Railroad workers Luis Estrada fourth from right, c. 1910-1935",Estrada family collection,high,Provenance embedded in original filename,1910,1935,1910,False,False,Production Ready,53.6 × 36.8 in at 100 PPI,file_603be2bdeb2de003,Unclear,Date researched
img_4a9ee3f3baeb6a26,Railworkers Luis Estrada Far Right,"Railworkers Luis Estrada far right, c. 1910-1935",Estrada family collection,high,Provenance embedded in original filename,1910,1935,1910,False,False,Potentially Usable,18 × 13.5 in at 100 PPI,file_95d25e3c922df5a7,Unclear,Date researched
img_4a82e2c89eb4a27d,Reznor Stewart On A Horse And Daughter Laura May Stewart At The Wheel On Stewart Ranch,"Reznor Stewart on a horse and daughter Laura May Stewart at the wheel on Stewart Ranch, c. 1910-1920",Unknown,unknown,Original filename / collection working title,1910,1920,1910,False,False,Reference Only,6.5 × 5.5 in at 100 PPI,file_0a2ee1e5fc910c7f,Unclear,Date researched
img_50e61a8496f4bfd2,Wctu Fountain,"WCTU Fountain dedication, Dec. 25, 1910",Leslie A. Rios III Postcard Collection,confirmed,San Gorgonio Pass Historical Society timeline (httpssgphs.org),1910,1910,1910,False,False,Production Ready,62.3 × 38.1 in at 100 PPI,file_e02348a0eef821d1,Unclear,Needs research
img_96cb1ed10cb5a0fd,Beaumont Woman S Club From Beaumont Library District,"Beaumont Woman's Club, 1911",Beaumont Library District,high,Provenance embedded in original filename,1911,1911,1910,True,True,Reference Only,9.2 × 5.8 in at 100 PPI,file_642d4db8621b03d7,Unclear,Needs research
img_2ba02d1a7deddfd1,First Library House In Basement Of Bank Building,"First Library house in basement of bank building, 1911",Unknown,unknown,Original filename / collection working title,1911,1911,1910,True,True,Reference Only,4.5 × 2.8 in at 100 PPI,file_a535ec86c657664c,Unclear,Needs research
img_2880f54eaa19145f,Grammar School Built,"Grammar school built, 1911",Unknown,unknown,Original filename / collection working title,1911,1911,1910,True,True,Reference Only,4.5 × 3.4 in at 100 PPI,file_516045c0027e010a,Unclear,Needs research
img_2a51e22c51021029,Laura May Stewart,"Laura May Stewart, 1911",Stewart family collection,confirmed,San Gorgonio Pass Historical Society timeline (httpssgphs.org),1911,1911,1910,False,False,Reference Only,6.5 × 8.9 in at 100 PPI,file_2e06bc8d8ba9606c,Unclear,Needs research
img_056f22949c5d906e,Laura May Stewart In Chaps Dated,"Laura May Stewart in chaps dated, 1911",Unknown,unknown,Original filename / collection working title,1911,1911,1910,False,False,Production Ready,27.2 × 36.3 in at 100 PPI,file_3ac48179da0bba85,Unclear,Needs research
img_dee5615ad57181f9,Laura May Stewart On Horseback,"Laura May Stewart on horseback, 1911",Unknown,unknown,Original filename / collection working title,1911,1911,1910,False,False,Production Ready,36.3 × 27.2 in at 100 PPI,file_5bcb4fdd983636af,Unclear,Needs research
img_299b9a16b53340ed,Summit House Calisphere,"Summit House, 1911","Beaumont Library District Local History Collection, via Calisphere",medium,Provenance embedded in original filename,1911,1911,1910,False,False,Reference Only,9.2 × 6.9 in at 100 PPI,file_ceb01d2bf31597cc,Unclear,Needs research
img_96cdf4349eff3950,Beaumont City Hall Fire Department Police Station Courthouse From Calisphere,"Beaumont City Hall, Fire Department, Police Station, Courthouse photo from, 1912","Beaumont Library District Local History Collection, via Calisphere",medium,Provenance embedded in original filename,1912,1912,1910,True,True,Reference Only,9.2 × 6.7 in at 100 PPI,file_2b1733f67e46926c,Unclear,Needs research
img_3b097e0808432587,Beaumont Railroad Women Swept The Tracks,"Beaumont railroad women swept the tracks, c. 1915-1940",Unknown,unknown,Original filename / collection working title,1915,1940,1910,False,False,Production Ready,22.9 × 29.3 in at 100 PPI,file_898bac3bc27bd127,Unclear,Date researched
img_c8be9dda2808f47c,Bogart House From Beaumont Library District,"Bogart House, c. 1915-1940",Beaumont Library District,high,Provenance embedded in original filename,1915,1940,1910,False,False,Reference Only,9.2 × 5.9 in at 100 PPI,file_0fcaaab49ca7d04c,Unclear,Date researched
img_3e64932e3b8abfb7,Egan Avenue,"Egan Ave. looking south, postmarked 1915",eBay postcard collection,confirmed,San Gorgonio Pass Historical Society timeline (httpssgphs.org),1915,1915,1910,False,False,Reference Only,9.9 × 5.9 in at 100 PPI,file_301d5af2f1e658a1,Unclear,Needs research
img_2fa19df607bf43e1,Eyer House Circa,Eyer House circa 1915-1920,Unknown,unknown,Original filename / collection working title,1915,1920,1910,False,False,Production Ready,26.6 × 20.7 in at 100 PPI,file_119299217e791778,Unclear,Date researched
img_9299c7a090b03878,Francis Dowling Sr Young,"Francis Dowling Sr. young, c. 1915-1925",Unknown,unknown,Original filename / collection working title,1915,1925,1910,False,False,Reference Only,3.6 × 4.8 in at 100 PPI,file_0384287341366937,Unclear,Date researched
img_a7a6b112d9c297dd,Luis Estrada Young Man,"Luis Estrada young man, c. 1915-1930",Estrada family collection,high,Provenance embedded in original filename,1915,1930,1910,False,False,Potentially Usable,10.1 × 13.5 in at 100 PPI,file_5973fb419ba4ee3b,Unclear,Date researched
img_092d2807a0231929,Wellwood School,"Wellwood School, c. 1916–17",Beaumont Library District,confirmed,San Gorgonio Pass Historical Society timeline (httpssgphs.org),1916,1916,1910,False,False,Production Ready,36.3 × 27.2 in at 100 PPI,file_20c46e4fd773f110,Unclear,Needs research
img_4239365a9df07707,Fifth Street Calisphere,"Fifth Street Image, c. 1918-1924","Beaumont Library District Local History Collection, via Calisphere",medium,Provenance embedded in original filename,1918,1924,1910,False,False,Reference Only,9.2 × 5.8 in at 100 PPI,file_83dad7121710045a,Unclear,Date researched
img_ed9a0626308ebccf,Francis Dowling Sr With Golden State Orchard Truck,"Francis Dowling Sr. with Golden State Orchard truck, c. 1918-1925",Unknown,unknown,Original filename / collection working title,1918,1925,1910,False,False,Reference Only,7.5 × 4.7 in at 100 PPI,file_7c202013d4c76eb0,Unclear,Date researched
img_e8c5738ad26c5ffc,Cherry Festival Queen,"Laura May Stewart, first Cherry Festival Queen, 1919",San Gorgonio Pass Historical Society,high,San Gorgonio Pass Historical Society timeline (httpssgphs.org),1919,1919,1910,False,False,Production Ready,36.3 × 23.9 in at 100 PPI,file_9c627864db92ffd5,Unclear,Needs research
img_03ae9abaca02013c,George Sumner S And S Store On Fifth Street Interior,"George Sumner S and S store on Fifth Street interior, c. 1920s",Unknown,unknown,Original filename / collection working title,1920,1930,1920,False,False,Production Ready,37.2 × 26.7 in at 100 PPI,file_7468befbff74c13d,Unclear,Date researched
img_530a9cbb25c298f7,Wellwood School,"Wellwood School, 1921",Beaumont Library District,confirmed,San Gorgonio Pass Historical Society timeline (httpssgphs.org),1921,1921,1920,False,False,Reference Only,4.5 × 3.2 in at 100 PPI,file_eb4021f72b25f094,Unclear,Needs research
img_47cf3e6c1c4e364b,Wellwood School Built In,"Wellwood school built in, 1921",Unknown,unknown,Original filename / collection working title,1921,1921,1920,False,False,Potentially Usable,14.4 × 11.7 in at 100 PPI,file_9ce94f718fa52778,Unclear,Needs research
img_fd15a86cd86982d6,Triangle Gas Station Beaumont With Attendants,"Triangle Gas Station Beaumont with attendants, c. 1920s",Unknown,unknown,Original filename / collection working title,1922,1930,1920,False,False,Reference Only,9.1 × 6 in at 100 PPI,file_799cb97fc805fb93,Unclear,Date researched
img_66a9280d1c1afbf9,Bank Of Beaumont Fifth St And Egan Ave From Banning Library District,"Bank of Beaumont Fifth St. and Egan Ave, c. 1923-1940",Banning Library District,high,Provenance embedded in original filename,1923,1940,1920,False,False,Reference Only,9.2 × 6.6 in at 100 PPI,file_7f11fe20c7a97c4d,Unclear,Date researched
img_9dee891466dac007,George Sumner S And S Store On Fifth Street Exterior,"George Sumner S and S store on Fifth Street exterior, c. mid-1920s",Unknown,unknown,Original filename / collection working title,1923,1929,1920,False,False,Production Ready,28.6 × 18.5 in at 100 PPI,file_5bcd47fb00b38d74,Unclear,Date researched
img_cd302d98752b29e0,Second Bank Of Beaumont From Beaumont Library District,"Second Bank of Beaumont, c. 1923-1940",Beaumont Library District,high,Provenance embedded in original filename,1923,1940,1920,False,False,Reference Only,4.5 × 3.6 in at 100 PPI,file_4eaf98e369eb1487,Unclear,Date researched
img_7d409eb4d324e61e,Wctu Fountain Sitting Next To Bank Of Beaumont At Fifth St And Egan Ave Close Up,"WCTU Fountain sitting next to Bank of Beaumont at Fifth St. and Egan Ave, c. 1923-1940",Unknown,unknown,Original filename / collection working title,1923,1940,1920,False,False,Reference Only,3.6 × 2.9 in at 100 PPI,file_181707e64e6ab4fe,Unclear,Date researched
img_1d5ad1237f7755e2,Barrio Church Sacred Heart Parish Fr Grace Granados,"Barrio Church Sacred Heart Parish 1 fr Grace Granados, c. 1925-1945",Unknown,unknown,Original filename / collection working title,1925,1945,1920,False,False,Potentially Usable,9.8 × 15.9 in at 100 PPI,file_b0012d04cf56a615,Unclear,Date researched
img_0b3ce9bbcc89c40d,Fifth Street,"Fifth Street, 1925",Frasher Photos,confirmed,San Gorgonio Pass Historical Society timeline (httpssgphs.org),1925,1925,1920,False,False,Reference Only,8.6 × 5.4 in at 100 PPI,file_606a10f569122505,Unclear,Needs research
img_da155fda02d882ee,Guy Bogart Second From Righ Passiang Out Apples,"Guy Bogart, second from righ, passiang out apples, c. 1925-1945",Unknown,unknown,Original filename / collection working title,1925,1945,1920,False,False,Production Ready,26 × 20.9 in at 100 PPI,file_bba6fe4d9ce30267,Unclear,Date researched
img_e3de81c2cb7655c8,Triangle Gas Station,"Triangle Gas Station, c. mid-late 1920s",Unknown,unknown,Original filename / collection working title,1925,1932,1920,False,False,Reference Only,9.2 × 5.9 in at 100 PPI,file_68b7d1dc6e698760,Unclear,Date researched
img_a3f413e8c9ed23bb,Man And Fruit Tree,"Man and Fruit Tree, 1927",Unknown,unknown,Original filename / collection working title,1927,1927,1920,True,True,Reference Only,3.3 × 4.5 in at 100 PPI,file_348736affdb526d1,Unclear,Needs research
img_88e0efbd8026acce,Fifth Street Calisphere,"Fifth Street, c. 1929-1933","Beaumont Library District Local History Collection, via Calisphere",medium,Provenance embedded in original filename,1929,1933,1920,False,False,Reference Only,9.2 × 6.5 in at 100 PPI,file_903640e7f6394f6c,Unclear,Date researched
img_c66b2fd607cf422f,Beaumont High School,"Beaumont High School (now Civic Center), 1930 yearbook",San Gorgonio Pass Historical Society,high,San Gorgonio Pass Historical Society timeline (httpssgphs.org),1930,1930,1930,False,False,Reference Only,8.4 × 5.6 in at 100 PPI,file_aeecc98513e487fb,Unclear,Needs research
img_a4ddc941e94d3eed,Cherry Tree Farm,"Cherry Tree Farm, 1930",Unknown,unknown,Original filename / collection working title,1930,1930,1930,True,True,Reference Only,4.5 × 4.1 in at 100 PPI,file_c457e234b1aac96e,Unclear,Needs research
img_a144edcec7a50be8,Church Egan Ave Under Construction,"Church 701 Egan Ave under construction, c. 1930-1940",Unknown,unknown,Original filename / collection working title,1930,1940,1930,False,False,Production Ready,22 × 22 in at 100 PPI,file_9126d6345200cd8e,Unclear,Date researched
img_2aaf83f6b9ef8d97,First Christian Church,"First Christian Church, 701 Egan Ave., 1930–1940",San Gorgonio Pass Historical Society,high,San Gorgonio Pass Historical Society timeline (httpssgphs.org),1930,1930,1930,False,False,Reference Only,7.8 × 5.5 in at 100 PPI,file_eb0a7c549049bc0e,Unclear,Needs research
img_fe6493dfb389b7f5,Francis Jr Estella Dowling,"Francis Jr & Estella Dowling 001, c. 1930-1945",Unknown,unknown,Original filename / collection working title,1930,1945,1930,False,False,Reference Only,6.5 × 9.5 in at 100 PPI,file_5eeb21fa47264700,Unclear,Date researched
img_57a9c9df6e55e692,Francis Sr Francis Jr Cropped,"Francis Sr & Francis Jr cropped, c. 1930-1945",Unknown,unknown,Original filename / collection working title,1930,1945,1930,False,False,Potentially Usable,13.8 × 19.1 in at 100 PPI,file_ace2a459c87dec6b,Unclear,Date researched
img_22f62627c5d79f7e,Sared Heart Parish In Beaumont Barrio Date,"Sared Heart Parish in Beaumont Barrio, c. 1930-1960",Unknown,unknown,Original filename / collection working title,1930,1960,1930,False,False,Potentially Usable,18.7 × 15 in at 100 PPI,file_55c38de4a6fa113a,Unclear,Date researched
img_1ace86d145209734,Presbyterian Church Interior,"Presbyterian Church interior, 1934 or later (1934 church interior)",Unknown,unknown,Original filename / collection working title,1934,2025,1930,False,False,Reference Only,8.5 × 6.2 in at 100 PPI,file_bdff66cb2454d635,Unclear,Date researched
img_8ecf8879b0fffd2d,Beaumont Avenue Deodar Trees Vintage Postcard Fr Ebay,"Beaumont Avenue deodar trees vintage postcard fr, c. 1935-1960",eBay postcard listing (original holder unknown),low,Provenance embedded in original filename,1935,1960,1930,False,False,Reference Only,10.2 × 6.7 in at 100 PPI,file_dca6e4831d730c69,Unclear,Date researched
img_a9b8f17ec8b1a61d,Beaumont City Hall Fire Station Police Station Grace Fr Karen Sumner Noordman Rcvd,"Beaumont City Hall Fire Station Police Station 500 Grace photo, c. 1935-1955",Karen Sumner Noordman,high,Provenance embedded in original filename,1935,1955,1930,False,False,Reference Only,12.7 × 7.9 in at 100 PPI,file_458ce393733472ff,Unclear,Date researched
img_03056ebb373ddd81,City Hall 1A,"Old City Hall 1a, c. 1935-1955",Unknown,unknown,Original filename / collection working title,1935,1955,1930,False,False,Reference Only,7.5 × 4.1 in at 100 PPI,file_cfa43292800e8de3,Unclear,Date researched
img_a85c852bf4ca3f39,Guy Bogart At His Desk In His Home In Beaumont,"Guy Bogart at his desk in his home in Beaumont, c. 1935-1948",Unknown,unknown,Original filename / collection working title,1935,1948,1930,False,False,Production Ready,26.8 × 17.9 in at 100 PPI,file_09eb25c65e1bcdd7,Unclear,Date researched
img_b0d82053666b74fe,Guy Bogart In His Home Office A,"Guy Bogart in his home office, c. 1935-1948",Unknown,unknown,Original filename / collection working title,1935,1948,1930,False,False,Reference Only,7.5 × 9.2 in at 100 PPI,file_df6371f402c2499e,Unclear,Date researched
img_82f263746528ece8,Fifth St Looking East Twoard First Bank Of Beaumont White Building Far Right,"Fifth St. looking east twoard first Bank of Beaumont--white building far right, c. late 1930s",Unknown,unknown,Original filename / collection working title,1937,1941,1930,False,False,Reference Only,8.6 × 5.2 in at 100 PPI,file_23485137376c677b,Unclear,Date researched
img_8241a89edda429c5,Triangle Gas Station As Businesses Frasher Postcard,"Triangle Gas Station as businesses Frasher postcard, c. late 1930s","Frasher Foto Collection, Pomona Public Library",high,Provenance embedded in original filename,1937,1942,1930,False,False,Potentially Usable,14.4 × 9.7 in at 100 PPI,file_a63d0b540d8562dd,Unclear,Date researched
img_4ac86175e34cb48f,Beaumont High School Now City Hall A,"Beaumont High School now City Hall, c. 1938-1948",Unknown,unknown,Original filename / collection working title,1938,1948,1930,False,False,Production Ready,32.7 × 21.6 in at 100 PPI,file_694b7194b57a78c1,Unclear,Date researched
img_ef0e1fe665c580a0,Cafe On Sixth Street Hwy,"Cafe on Sixth Street Hwy 60 70 99, c. 1940",Unknown,unknown,Original filename / collection working title,1938,1946,1930,False,False,Production Ready,29.5 × 18.1 in at 100 PPI,file_97aa678bba8be144,Unclear,Date researched
img_7707eba1df237c65,Desert Sun,"Desert Sun, April 28, 1939",via Facebook,confirmed,San Gorgonio Pass Historical Society timeline (httpssgphs.org),1939,1939,1930,False,False,Reference Only,6.3 × 3.5 in at 100 PPI,file_b2efc4b2e87ff530,Unclear,Needs research
img_67656824cbb42ffc,Beaumont Avenue Deodar Trees Color Vintage Postcard Ebay,"Beaumont Avenue deodar trees color vintage postcard, c. 1940s-1960s",eBay postcard listing (original holder unknown),low,Provenance embedded in original filename,1940,1965,1940,False,False,Potentially Usable,14.4 × 9.1 in at 100 PPI,file_b7f7a2b7e9abc391,Unclear,Date researched
img_cc7036a752144a64,Beaumont Train Depot Workers 1940S B,"Beaumont train depot workers, 1940",Unknown,unknown,Original filename / collection working title,1940,1940,1940,False,False,Production Ready,28.3 × 21 in at 100 PPI,file_d1cb502f648bf5ae,Unclear,Needs research
img_634101dcee127994,Beaumont Train Depot Workers 1940S C,"Beaumont train depot workers, 1940",Unknown,unknown,Original filename / collection working title,1940,1940,1940,False,False,Production Ready,63.5 × 44.3 in at 100 PPI,file_e8cbd0aa11c86ae6,Unclear,Needs research
img_433403e951bbabcd,Depot Workers 1940S,"Beaumont train depot workers, 1940",Unknown,unknown,Original filename / collection working title,1940,1940,1940,False,False,Production Ready,30.8 × 19.8 in at 100 PPI,file_a3b7541820c1cdd0,Unclear,Needs research
img_c323e4a9718d30b7,Estrada Family 1940S,"Emeteria and Luis Estrada, 1940s",Estrada family collection,confirmed,San Gorgonio Pass Historical Society timeline (httpssgphs.org),1940,1940,1940,False,False,Potentially Usable,14.4 × 18.6 in at 100 PPI,file_707026ab26daecc6,Unclear,Needs research
img_0ab722136d7bd1be,Estrada Family Dinner Inside Section House,"Estrada family dinner inside section house, c. 1940s",Estrada family collection,high,Provenance embedded in original filename,1940,1949,1940,False,False,Production Ready,17 × 17.7 in at 100 PPI,file_8af72ab13174bb49,Unclear,Date researched
img_ca02842503e130c9,Luis Estrada Family In Their Southern Pacific Railroad Section House Leslie Collection,"Luis Estrada family in their Southern Pacific Railroad section house, c. 1940s",Estrada family collection,high,Provenance embedded in original filename,1940,1949,1940,False,False,Production Ready,54.6 × 42.9 in at 100 PPI,file_d817a4ccef9a21d9,Unclear,Date researched
img_21f5dda0d6f26b4a,Sam S Cafe Courtesy Scott Deforge,"Sam's Cafe, c. early-mid 1940s",Scott Deforge (courtesy),high,Provenance embedded in original filename,1941,1946,1940,False,False,Reference Only,9.2 × 7.5 in at 100 PPI,file_531af6a631a3055e,Unclear,Date researched
img_99f7111cab26b389,Beaumont High School,"BHS yearbook, 1942",donated by Leslie Rios,confirmed,San Gorgonio Pass Historical Society timeline (httpssgphs.org),1942,1942,1940,False,False,Production Ready,36.3 × 27.2 in at 100 PPI,file_90d681e94af5251c,Unclear,Needs research
img_8dec862cc0cae6ba,Cherry Valley Naval Hospital,"Naval Convalescent Hospital Beaumont, Cherry Valley, 1943",U.S. Navy,confirmed,San Gorgonio Pass Historical Society timeline (httpssgphs.org),1943,1943,1940,False,False,Reference Only,9.2 × 5.1 in at 100 PPI,file_6edb716353a85e0b,Unclear,Needs research
img_2d0928cd5901f761,Fireside Inn Postcard Leslie Rios,"Fireside Inn Postcard, c. late 1940s-1950s",Leslie A. Rios III Postcard Collection,high,Provenance embedded in original filename,1945,1955,1940,False,False,Production Ready,35.2 × 20.1 in at 100 PPI,file_7b454e842e087fbb,Unclear,Date researched
img_36bc04455099c9d7,Francis Dowling Jr And Son John Dowling Sorting Cherries,"Francis Dowling Jr. and son John Dowling sorting cherries, c. 1945-1958",Unknown,unknown,Original filename / collection working title,1945,1958,1940,False,False,Reference Only,9 × 6.2 in at 100 PPI,file_ceca88ddc88ac093,Unclear,Date researched
img_a6ec55f14a4d13dc,Francis Dowling Jr With Clamp Truck,"Francis Dowling Jr. with clamp truck, c. 1945-1960",Unknown,unknown,Original filename / collection working title,1945,1960,1940,False,False,Potentially Usable,9.4 × 14.1 in at 100 PPI,file_cf16d1260430ff88,Unclear,Date researched
img_b3dcb09d831e2058,Laura May Stewart In The Room On Their Ranch Where She Collected Family Items,"Laura May Stewart in the room on their ranch where she collected family items, c. 1945-1965",Unknown,unknown,Original filename / collection working title,1945,1965,1940,False,False,Production Ready,27.2 × 36.3 in at 100 PPI,file_9eac3891b77b322a,Unclear,Date researched
img_228a900cb9c1637b,Sixth Street With Bus Leslie Rios Postcard,"Sixth Street with Bus, c. 1945",Leslie A. Rios III Postcard Collection,high,Provenance embedded in original filename,1945,1946,1940,False,False,Production Ready,31.2 × 20.5 in at 100 PPI,file_af6d239026b69bac,Unclear,Date researched
img_5a70b41831a92160,6Th St Fr Bmt High Yearbook Donated By Leslie Rios,6th St. fr 1946 Bmt High yearbook donated by,Leslie A. Rios III Postcard Collection,high,Provenance embedded in original filename,1946,1946,1940,False,False,Production Ready,36.3 × 27.2 in at 100 PPI,file_4260be4b2218efa2,Unclear,Date researched
img_484acf24f5126598,Desert Outpost Cafe West Entrance To City Taken From Atop The Arch,"Desert Outpost Cafe west entrance to city photo taken from atop the arch, c. late 1940s",Unknown,unknown,Original filename / collection working title,1946,1950,1940,False,False,Reference Only,9.4 × 5.5 in at 100 PPI,file_317a1de08a125a26,Unclear,Date researched
img_37aa1bf5e6a5fe7d,Cherry Parade,"Cherry Festival parade, 1947",Beaumont Library District,confirmed,San Gorgonio Pass Historical Society timeline (httpssgphs.org),1947,1947,1940,False,False,Reference Only,4.5 × 3.5 in at 100 PPI,file_83dd3466728e72a4,Unclear,Needs research
img_92af244203629094,El Rancho Corner Leslie Rios Postcard,"El Rancho corner, c. late 1940s-early 1950s",Leslie A. Rios III Postcard Collection,high,Provenance embedded in original filename,1947,1953,1940,False,False,Production Ready,33.1 × 20.1 in at 100 PPI,file_13dd4107f7b81c06,Unclear,Date researched
img_3a78cd9990a52f8f,Sunset Plaza Hotel,"Sunset Plaza Hotel, c. 1948",Calisphere,confirmed,San Gorgonio Pass Historical Society timeline (httpssgphs.org),1948,1948,1940,False,False,Reference Only,4.5 × 3.6 in at 100 PPI,file_a5f569fa3541715f,Unclear,Needs research
img_c228028c8fdfc647,Band Fr Bmt High Yearbook Donated By Leslie Rios,Band fr 1949 Bmt High yearbook donated by,Leslie A. Rios III Postcard Collection,high,Provenance embedded in original filename,1949,1949,1940,False,False,Production Ready,29.1 × 19.5 in at 100 PPI,file_cc6030d3d617d8ff,Unclear,Date researched
img_19d3efd814020eed,Fifth Street,"Fifth Street looking west, 1949–50",San Gorgonio Pass Historical Society,high,San Gorgonio Pass Historical Society timeline (httpssgphs.org),1949,1949,1940,False,False,Reference Only,10.8 × 6.3 in at 100 PPI,file_cbf208e0c55467a6,Unclear,Needs research
img_9a697957b7ea88b0,First Christian Church Egan Ave Probably Late 1950S A,"First Christian Church 701 Egan Ave probably late, 1950",Unknown,unknown,Original filename / collection working title,1950,1950,1950,False,False,Production Ready,28.4 × 36 in at 100 PPI,file_9fe8585582d514e1,Unclear,Needs research
img_1ad76840ab48ba0e,John Dowling,"John Dowling, c. 1950s-1960s",Unknown,unknown,Original filename / collection working title,1950,1968,1950,False,False,Production Ready,36.3 × 27.2 in at 100 PPI,file_3b4925d934e326ca,Unclear,Date researched
img_ada3474936428467,Majorettes In Bmt High Yearbook Donated By Leslie Rios On Fb,Majorettes in 1950 Bmt High yearbook donated by,Leslie A. Rios III Postcard Collection,high,Provenance embedded in original filename,1950,1950,1950,False,False,Production Ready,28.4 × 20.4 in at 100 PPI,file_6fbc2c50bb487b96,Unclear,Date researched
img_7d31166d85dd49bd,Typing Class In Bmt High Yearbook Donated By Leslie Rios,Typing class in 1950 Bmt High yearbook donated by,Leslie A. Rios III Postcard Collection,high,Provenance embedded in original filename,1950,1950,1950,False,False,Production Ready,28.5 × 21.2 in at 100 PPI,file_d8fa14cf9d71feda,Unclear,Date researched
img_e91452d502f8cc96,Sixth Street Postcard,"Sixth Street postcard, c. early-mid 1950s",Unknown,unknown,Original filename / collection working title,1951,1955,1950,False,False,Potentially Usable,26.1 × 15.9 in at 100 PPI,file_233e0c4e39dbef26,Unclear,Date researched
img_2eee4fa95a275d4d,Dowling Orchard Fruit Fresh Produce And Dried Fruit Nuts Candy Signs,"Dowling Orchard Fruit Fresh Produce and Dried Fruit Nuts Candy signs, c. 1950s-1960s",Unknown,unknown,Original filename / collection working title,1952,1968,1950,False,False,Production Ready,36.3 × 27.2 in at 100 PPI,file_ca5abba4eaaacf43,Unclear,Date researched
img_dc9b98dd0bb1264f,Dowling Orchard Store,"Dowling Orchard store, c. 1950s-1960s",Unknown,unknown,Original filename / collection working title,1952,1965,1950,False,False,Reference Only,4.2 × 3 in at 100 PPI,file_24eb4a942b7350e9,Unclear,Date researched
img_72b5acdf8b88fc6c,Dowling Orchard Store Interior,"Dowling Orchard Store interior, c. 1950s-1960s",Unknown,unknown,Original filename / collection working title,1952,1968,1950,False,False,Reference Only,4.5 × 3.4 in at 100 PPI,file_06f8565130002cdb,Unclear,Date researched
img_eebd80e2b2180cca,Dowling Store Pomegranates,"Dowling store pomegranates, c. 1950s-1960s",Unknown,unknown,Original filename / collection working title,1952,1968,1950,False,False,Production Ready,36.3 × 27.2 in at 100 PPI,file_6136d43a4a4ec5f2,Unclear,Date researched
img_37e600853baf16af,From Facebook Posted By Rena Lillich Williams,"From facebook posted by Rena Lillich Williams, c. 1955",Unknown,unknown,Original filename / collection working title,1954,1958,1950,False,False,Potentially Usable,18.4 × 13.5 in at 100 PPI,file_44a194cee1d2ec5a,Unclear,Date researched
img_7a0159037504313e,Beaumont Fire Department At Grace,"Beaumont Fire Department at 500 Grace, c. late 1950s-early 1960s",Unknown,unknown,Original filename / collection working title,1955,1965,1950,False,False,Production Ready,42.8 × 22.6 in at 100 PPI,file_c01f872ddcd6e8e7,Unclear,Date researched
img_6b0ff0ed19b0fb9e,Ramona Torres,"Ramona Torres, c. 1955-1975",Unknown,unknown,Original filename / collection working title,1955,1975,1950,False,False,Potentially Usable,18.1 × 13.6 in at 100 PPI,file_08435134d3f77ad1,Unclear,Date researched
img_a83e9024f8e65c3f,Sixth Street With Roller Rink Sign Postcard Leslie Rios Collection,"Sixth Street with roller rink sign postcard, c. mid-late 1950s",Leslie A. Rios III Postcard Collection,high,Provenance embedded in original filename,1955,1958,1950,False,False,Production Ready,34 × 20.6 in at 100 PPI,file_8f8e84ad7d78cc43,Unclear,Date researched
img_add874f3a7967842,Sacred Heart Barrio Church From Leslie Rios,"Sacred Heart Barrio Church from, c. late 1950s",Leslie A. Rios III Postcard Collection,high,Provenance embedded in original filename,1956,1963,1950,False,False,Production Ready,74.3 × 51 in at 100 PPI,file_fafde45cd234f453,Unclear,Date researched
img_2ffb4cd6b691c887,Ramona And Frank Torres A,"Ramona and Frank Torres, c. 1960s",Unknown,unknown,Original filename / collection working title,1958,1970,1950,False,False,Potentially Usable,13.8 × 18.4 in at 100 PPI,file_7bb167aa6a484d60,Unclear,Date researched
img_f3ff85c652f90c21,Ramona And Frank Torres B,"Ramona and Frank Torres, c. 1960s",Unknown,unknown,Original filename / collection working title,1958,1970,1950,False,False,Reference Only,3.3 × 6.5 in at 100 PPI,file_b603326f76bd8dc2,Unclear,Date researched
img_ba7b9a02b3a0292c,Ramona And Frank Torres C,"Ramona and Frank Torres, c. 1960s",Unknown,unknown,Original filename / collection working title,1958,1970,1950,False,False,Reference Only,7.5 × 16.1 in at 100 PPI,file_5b2e71d9df4fdb8a,Unclear,Date researched
img_4b219d837a3d6f6a,Beaumont City Fire Department Fire Chief Clarence Pappy Lewis Left Fireman Ray Samson Right Circa Early 1960S,"Beaumont City Fire Department Fire Chief Clarence Pappy Lewis, left, fireman Ray Samson, right circa early, 1960",Unknown,unknown,Original filename / collection working title,1960,1960,1960,False,False,Production Ready,24.6 × 21.1 in at 100 PPI,file_558ae0bb4f00b8fc,Unclear,Needs research
img_1ac667107bd74996,City Of Beaumont Work And Dress Uniforms,"City of Beaumont work and dress uniforms, c. 1960s-1970s",Unknown,unknown,Original filename / collection working title,1960,1978,1960,False,False,Production Ready,36.3 × 27.2 in at 100 PPI,file_f7dc94b6f4cdbfd9,Unclear,Date researched
img_ecbadf0d854de4dc,Fire Dept,"Beaumont Volunteer Fire Dept., late 1950s–early 1960s",San Gorgonio Pass Historical Society,high,San Gorgonio Pass Historical Society timeline (httpssgphs.org),1960,1960,1960,False,False,Potentially Usable,17 × 8.1 in at 100 PPI,file_2b565e14d1338329,Unclear,Needs research
img_6feb4c505e0a58be,Joe S Cafe Strike Side,"Joe's Cafe strike side, c. 1960s-1970s",Unknown,unknown,Original filename / collection working title,1960,1978,1960,False,False,Potentially Usable,14.4 × 17.5 in at 100 PPI,file_452cc2ac57d61b31,Unclear,Date researched
img_7dad1702b8b44459,Sunnyslope Cemetery 1960S,"Sunnyslope Cemetery gate dedication, 1960s",Stewart family collection,confirmed,San Gorgonio Pass Historical Society timeline (httpssgphs.org),1960,1960,1960,False,False,Production Ready,27.2 × 36.3 in at 100 PPI,file_0e922b765426454a,Unclear,Needs research
img_35a3c2b0b73a7892,Summit School Artist Rendering,"Summit School artist rendering, c. 1960s-1970s",Unknown,unknown,Original filename / collection working title,1962,1975,1960,False,False,Production Ready,36.3 × 16.5 in at 100 PPI,file_a23f4e87a10aa974,Unclear,Date researched
img_cfb583d7492fe063,Expansion,"Expansion, 1965",Unknown,unknown,Original filename / collection working title,1965,1965,1960,True,True,Reference Only,5.8 × 3.8 in at 100 PPI,file_6a4e9da4f77c6338,Unclear,Needs research
img_b0c11e36c32bf11b,Expansion Mansard Roof,"Expansion Mansard Roof, 1965",Unknown,unknown,Original filename / collection working title,1965,1965,1960,True,True,Reference Only,2.2 × 1.2 in at 100 PPI,file_45f0ac199123f4c3,Unclear,Needs research
img_d92bd24434ee74d1,Beaumont Presbyterian Church In The Daily Record Gazetter April,"Beaumont Presbyterian Church in The daily Record Gazetter, April 30, 1968",Record-Gazette (Banning),high,Provenance embedded in original filename,1968,1968,1960,False,False,Production Ready,36.3 × 27.2 in at 100 PPI,file_1ce89b75e270288a,Unclear,Needs research
img_c45feec31675704d,Fire Chief,Fire Dept. chief,"Record-Gazette, April 30, 1968",confirmed,San Gorgonio Pass Historical Society timeline (httpssgphs.org),1968,1968,1960,False,False,Production Ready,23.6 × 24.5 in at 100 PPI,file_25c0cb94257addef,Unclear,Needs research
img_06355ab9cdf953fb,Sunnyslope Cemetery Daily Record Gazette,"Sunnyslope cemetery Daily Record Gazette, April 30, 1968",Unknown,unknown,Original filename / collection working title,1968,1968,1960,False,False,Production Ready,33.2 × 18.3 in at 100 PPI,file_1c71fbd87237aa10,Unclear,Date researched
img_9160017c82292a64,Building Beaumont Fire Station On Maple Ave In Record Gazette Newspaper,"Building Beaumont Fire Station on Maple Ave. in Record Gazette newspaper 2, March 21, 1969",Record-Gazette (Banning),high,Provenance embedded in original filename,1969,1969,1960,False,False,Production Ready,31.2 × 20.8 in at 100 PPI,file_24a63524443dc5c1,Unclear,Date researched
img_c8cee9c9c1dee867,Fire Station,"New fire station under construction, Maple Ave.","Record-Gazette, March 21, 1969",confirmed,San Gorgonio Pass Historical Society timeline (httpssgphs.org),1969,1969,1960,False,False,Production Ready,32 × 17 in at 100 PPI,file_4a38fb82984fa14d,Unclear,Needs research
img_0f63f186060123e4,Beaumont City Fire Department Badge 1970S,"Beaumont City Fire Department badge, 1970",Unknown,unknown,Original filename / collection working title,1970,1970,1970,False,False,Production Ready,27.2 × 36.3 in at 100 PPI,file_1661f4590fa856dc,Unclear,Needs research
img_865e3dceea5cb7ba,Beaumont Fire Department Vintage Lafrance Fire Engine In Cherry Festival Parade Late 1970S,"Beaumont Fire Department vintage LaFrance fire engine in Cherry Festival parade late, 1970",Unknown,unknown,Original filename / collection working title,1970,1970,1970,False,False,Production Ready,33.1 × 22.4 in at 100 PPI,file_41263f69278d5914,Unclear,Needs research
img_5b02c2385f9cb46d,Beaumont Volunteer Fire Department Car Plate From 1970S,"Beaumont Volunteer Fire Department car plate from, 1970",Unknown,unknown,Original filename / collection working title,1970,1970,1970,False,False,Potentially Usable,26.1 × 9.5 in at 100 PPI,file_8316ab83ed429ec1,Unclear,Needs research
img_6f617c49fb8ae29d,City Of Beaumont Engine 1970S,"City of Beaumont Engine 24, 1970",Unknown,unknown,Original filename / collection working title,1970,1970,1970,False,False,Potentially Usable,17.7 × 14.2 in at 100 PPI,file_3ffc668425a8d353,Unclear,Needs research
img_5216d93c22702ca5,Emeteria And Luis Estrada 1970S,"Emeteria and Luis Estrada, 1970",Estrada family collection,high,Provenance embedded in original filename,1970,1970,1970,False,False,Production Ready,17.1 × 23.4 in at 100 PPI,file_7bc6badcf00911d0,Unclear,Needs research
img_dec6944cb7b040ba,Beaumont Fire Department With Lafrance Fire Engine Used For Parades From Calisphere Dated,"Beaumont Fire Department with LaFrance fire engine used for parades photo from dated, 1971","Beaumont Library District Local History Collection, via Calisphere",medium,Provenance embedded in original filename,1971,1971,1970,False,False,Reference Only,9.2 × 3.7 in at 100 PPI,file_9a5f46d65e85914f,Unclear,Needs research
img_5e377e16d199a2eb,Beaumont Fire Dept,"Beaumont City Fire Dept., 1971",Calisphere,confirmed,San Gorgonio Pass Historical Society timeline (httpssgphs.org),1971,1971,1970,False,False,Potentially Usable,14.3 × 9.4 in at 100 PPI,file_d89d04468f534a36,Unclear,Needs research
img_bad44539e3bf4b42,Wellwood School Kindergarten Class,Wellwood School kindergarten class 1971-72,Unknown,unknown,Original filename / collection working title,1971,1971,1970,False,False,Potentially Usable,14.4 × 9.6 in at 100 PPI,file_730cc37e79756b8f,Unclear,Needs research
img_b690890e951ac18c,Beaumont Fire Department,"Beaumont Fire Department, 1972",Unknown,unknown,Original filename / collection working title,1972,1972,1970,False,False,Potentially Usable,17.3 × 14 in at 100 PPI,file_d2ae29e052aa5d40,Unclear,Needs research
img_a0defa8112930d8b,Beaumont City Volunteer Fire Department,"Beaumont City Volunteer Fire Department, 1973",Unknown,unknown,Original filename / collection working title,1973,1973,1970,False,False,Potentially Usable,13.4 × 10.3 in at 100 PPI,file_1ddeef3828b3d591,Unclear,Needs research
img_f03f7f375191edf6,Beaumont Fire Department From Calisphere,"Beaumont Fire Department with old hose cart photo from, c. 1975","Beaumont Library District Local History Collection, via Calisphere",medium,Provenance embedded in original filename,1973,1980,1970,False,False,Reference Only,9.2 × 6.3 in at 100 PPI,file_78418ba57bf11eaf,Unclear,Date researched
img_58bba051858fd716,Fire Dept,"Scott DeForge, left, and John McLaughlin, right, Beaumont Fire Department, 1976",Unknown,unknown,Original filename / collection working title,1976,1976,1970,False,False,Reference Only,5.3 × 4.2 in at 100 PPI,file_608bbe1d9cc6c514,Unclear,Needs research
img_530924ee0ded82c6,Letter To Emma Estrada,"Letter to Emma Estrada, May 26, 1977",Estrada family collection,high,Provenance embedded in original filename,1977,1977,1970,False,False,Potentially Usable,8.3 × 10.7 in at 100 PPI,file_a8f27151e2db52aa,Unclear,Date researched
img_a48b18e93521487b,Council Votes To Contract Fire Services With Cdf News Clip From Record Gazette,"Council Votes to Contract Fire Services with CDF news clip from Record Gazette, Nov 28, 1978",Unknown,unknown,Original filename / collection working title,1978,1978,1970,False,False,Reference Only,5.5 × 8.6 in at 100 PPI,file_40aaab92014e56e3,Unclear,Date researched
img_97db6b297170b04e,Beaumont Fire Department Public Safety Demonstration Engineer John Mclaughlin With Bullhorn Early 1980S,"Beaumont Fire Department Public Safety Demonstration Engineer John McLaughlin with bullhorn early, 1980",Unknown,unknown,Original filename / collection working title,1980,1980,1980,False,False,Reference Only,6 × 4.8 in at 100 PPI,file_3e1b299dde3ce0b1,Unclear,Needs research
img_9c808818200e7a56,Beaumont Fire Department Volunteers Late 1980S,"Beaumont Fire Department Volunteers late, 1980",Unknown,unknown,Original filename / collection working title,1980,1980,1980,False,False,Reference Only,5.5 × 4.4 in at 100 PPI,file_8fd9d7ff7b968db5,Unclear,Needs research
img_a08051acb6b37033,Beaumont Volunteer Fire Department Cherry Festival Taco Booth Early 1980S,"Beaumont Volunteer Fire Department Cherry Festival Taco Booth early, 1980",Unknown,unknown,Original filename / collection working title,1980,1980,1980,False,False,Reference Only,7.7 × 6.2 in at 100 PPI,file_380405d0e9f540d5,Unclear,Needs research
img_a5619ddcb9e94fc3,Beaumont Aerial,"Beaumont Aerial Photo, 1982",Unknown,unknown,Original filename / collection working title,1982,1982,1980,False,False,Production Ready,29.3 × 22.3 in at 100 PPI,file_f61f56671fc56588,Unclear,Needs research
img_d6de78f86c47985e,Mccoy House,McCoy House,"Community Advisor, November 12, 1987",confirmed,San Gorgonio Pass Historical Society timeline (httpssgphs.org),1987,1987,1980,False,False,Production Ready,27.2 × 36.3 in at 100 PPI,file_234daadce4f118e6,Unclear,Needs research
img_9537c0e4968709f8,Beaumont Developments,"Beaumont Developments, 1988",Unknown,unknown,Original filename / collection working title,1988,1988,1980,True,True,Reference Only,4.5 × 3.6 in at 100 PPI,file_9c12327decce65ee,Unclear,Needs research
img_67d561c6f67c1ba2,Newspaper Clipping For Beaumont Fire Volunteer Scott Karnitz,"Newspaper clipping for Beaumont Fire Volunteer Scott Karnitz, c. late 20th-early 21st c.",Unknown,unknown,Original filename / collection working title,1995,2020,1990,False,False,Potentially Usable,13.6 × 17.6 in at 100 PPI,file_516765793c18944c,Unclear,Date researched
img_04328f685390128c,Beaumont Volunteer Firefighter Scott Karnitz Memorial At Beaumont Fire Station Aaa,"Beaumont Volunteer Firefighter Scott Karnitz memorial at Beaumont Fire Station AAA, c. 2000s-2010s",Unknown,unknown,Original filename / collection working title,2000,2020,2000,False,False,Production Ready,27.2 × 36.3 in at 100 PPI,file_8d1f932ec5f0fca0,Unclear,Date researched
img_8a20e0efb687510c,Beaumont Volunteer Firefighter Scott Karnitz Memorial At Beaumont Fire Station Bbb,"Beaumont Volunteer Firefighter Scott Karnitz memorial at Beaumont Fire Station BBB, c. 2000s-2010s",Unknown,unknown,Original filename / collection working title,2000,2020,2000,False,False,Production Ready,27.2 × 36.3 in at 100 PPI,file_45e590326a1b8ffb,Unclear,Date researched
img_e5e3407036c3c2c5,Aerial,"Aerial Photos.2.2, April 2010",Unknown,unknown,Original filename / collection working title,2010,2010,2010,False,False,Production Ready,29.7 × 22.9 in at 100 PPI,file_5836a9a31c6306e9,Unclear,Date researched
img_fb90b64a110cd45f,Beaumont Aerial,"Beaumont Aerial Photo, 2010",Unknown,unknown,Original filename / collection working title,2010,2010,2010,False,False,Production Ready,27.8 × 19.4 in at 100 PPI,file_a3a1d6a0780c8b16,Unclear,Needs research
img_5430b97f619e1088,Beaumont Presbyterian Church,"Beaumont Presbyterian Church, 2010s-2020s (1934 building)",Unknown,unknown,Original filename / collection working title,2010,2025,2010,False,False,Reference Only,9.2 × 6 in at 100 PPI,file_d188fd618b565a75,Unclear,Date researched
img_e227a30890d191f3,IMG_3030,"IMG 3030, 2010s-2020s",Unknown,unknown,Original filename / collection working title,2010,2025,2010,False,False,Production Ready,36.3 × 27.2 in at 100 PPI,file_df6dfda367b9c01b,Unclear,Date researched
img_48e0a1029b9b35cf,Luis Estrada Statue At California State Railroad Museum In Sacramento A,"Luis Estrada statue at California State Railroad Museum in Sacramento, 2010s-2020s",Estrada family collection,high,Provenance embedded in original filename,2010,2024,2010,False,False,Production Ready,22 × 32.5 in at 100 PPI,file_b6c163a3356b0471,Unclear,Date researched
img_39722a07ed88a499,Luis Estrada Statue At California State Railroad Museum In Sacramento C,"Luis Estrada statue at California State Railroad Museum in Sacramento, 2010s-2020s",Estrada family collection,high,Provenance embedded in original filename,2010,2024,2010,False,False,Production Ready,31.7 × 24.7 in at 100 PPI,file_700ad753febc8ac3,Unclear,Date researched
img_9acdf5b823073389,Luis Estrada Statue At California State Railroad Museum In Sacramento D,"Luis Estrada statue at California State Railroad Museum in Sacramento, 2010s-2020s",Estrada family collection,high,Provenance embedded in original filename,2010,2024,2010,False,False,Production Ready,29.3 × 25.1 in at 100 PPI,file_81573fc561e39bcb,Unclear,Date researched
img_99913db9881316f3,Luis Estrada Statue California State Railroad Museum In Sacramento B,"Luis Estrada statue California State Railroad Museum in Sacramento, 2010s-2020s",Estrada family collection,high,Provenance embedded in original filename,2010,2024,2010,False,False,Production Ready,41.1 × 55.8 in at 100 PPI,file_5334b8381169f62a,Unclear,Date researched
img_b4e6ea6952262482,Presbyterian Church,"Presbyterian Church 2, 2010s-2020s (1934 building)",Unknown,unknown,Original filename / collection working title,2010,2025,2010,False,False,Reference Only,3.5 × 2.4 in at 100 PPI,file_49b8de2d50a971b2,Unclear,Date researched
img_da743e866c6368cc,Presbyterian Church,"Presbyterian Church, 2010s-2020s (1934 building)",Unknown,unknown,Original filename / collection working title,2010,2025,2010,False,False,Reference Only,3.6 × 3.3 in at 100 PPI,file_0156cad8003afe82,Unclear,Date researched
img_3d84769134889400,Presbyterian Church Rocks,"Presbyterian Church rocks, 2010s-2020s",Unknown,unknown,Original filename / collection working title,2010,2025,2010,False,False,Production Ready,27.2 × 36.3 in at 100 PPI,file_7e4f22ff9127d8d0,Unclear,Date researched
img_78e4dd6ee33f5c18,Centennial,"Record-Gazette centennial coverage, November 23, 2012",San Gorgonio Pass Historical Society,high,San Gorgonio Pass Historical Society timeline (httpssgphs.org),2012,2012,2010,False,False,Potentially Usable,15.9 × 14.1 in at 100 PPI,file_9482dc8ee01375bf,Unclear,Needs research
img_cc1a3e9d9b7f9b76,Record Gazette,"Record Gazette 2012 11 23 1, 2012",Unknown,unknown,Original filename / collection working title,2012,2012,2010,False,False,Potentially Usable,15.6 × 14.1 in at 100 PPI,file_8641735b44661932,Unclear,Needs research
img_e3b0eb2e257855ca,Record Gazette,"Record Gazette 2012 11 23 2, 2012",Unknown,unknown,Original filename / collection working title,2012,2012,2010,False,False,Production Ready,16.3 × 16.7 in at 100 PPI,file_d8efd7ae506580fc,Unclear,Needs research
img_863f0fc9e94e4ebb,Bank Of Beaumont Engraving Front,"Bank of Beaumont engraving front, c. 2015-2025 (1923 building)",Unknown,unknown,Original filename / collection working title,2015,2025,2010,False,False,Production Ready,29.4 × 22 in at 100 PPI,file_83556585bdb29b76,Unclear,Date researched
img_4eeb78c48b2bca4b,Dowling Orchards Store Contemporary,"Dowling Orchards Store contemporary, 2010s-2020s",Unknown,unknown,Original filename / collection working title,2015,2025,2010,False,False,Reference Only,4.5 × 2.8 in at 100 PPI,file_ee215b51b92d672d,Unclear,Date researched
img_0fe6d3036afcd3d6,Egan Ave Looking South Today Dead End At Interstate Photographed From Same Spot As Vintage Looking South,"Egan Ave looking south today dead end at Interstate 10 photographed from same spot as vintage photos looking south, 2020s",Unknown,unknown,Original filename / collection working title,2015,2025,2010,False,False,Production Ready,36.3 × 27.2 in at 100 PPI,file_326ff826173e889e,Unclear,Date researched
img_e9f375f1600bc4d0,Fifth Street Looking West From Intersection Fith And Grace Today,"Fifth Street looking west from intersection Fith and Grace today, 2020s",Unknown,unknown,Original filename / collection working title,2015,2025,2010,False,False,Production Ready,36.3 × 27.2 in at 100 PPI,file_8e08335061a788ad,Unclear,Date researched
img_37bbc779f837532c,Sean Balingit At The Mccoy House During Society Tour Credit Is Pat Murkland,"Sean Balingit at the McCoy House during Historical Society tour, c. 2015-2024",Pat Murkland (photo credit),high,Provenance embedded in original filename,2015,2024,2010,False,False,Production Ready,36.3 × 27.2 in at 100 PPI,file_0fccefa25e897817,Unclear,Date researched
img_7c01fc3dab547cc4,First Christian Church Egan Ave May,"First Christian Church, 701 Egan Ave. May, 2017",Unknown,unknown,Original filename / collection working title,2017,2017,2010,False,False,Potentially Usable,14.4 × 10.8 in at 100 PPI,file_8d7a3cd69d34ecdb,Unclear,Needs research
img_e6fe5e33e99cc68f,Bank Of Beaumont Today,"Bank of Beaumont today, 2020s",Unknown,unknown,Original filename / collection working title,2018,2025,2010,False,False,Production Ready,29.4 × 22 in at 100 PPI,file_fca09367fcdc9efc,Unclear,Date researched
img_dec634939b47e13c,Christine And Gil Vargas Sr A,"Christine and Gil Vargas Sr, 2020s",Unknown,unknown,Original filename / collection working title,2018,2025,2010,False,False,Reference Only,4 × 5.4 in at 100 PPI,file_6b2e95cdd7aeedbd,Unclear,Date researched
img_1098cac0279a0fdd,Christine And Gil Vargas Sr B,"Christine and Gil Vargas Sr, 2020s",Unknown,unknown,Original filename / collection working title,2018,2025,2010,False,False,Reference Only,2.3 × 4 in at 100 PPI,file_edbdb482accbce42,Unclear,Date researched
img_4b3616cbe2898cea,Christine And Gil Vargas Sr C,"Christine and Gil Vargas Sr, 2020s",Unknown,unknown,Original filename / collection working title,2018,2025,2010,False,False,Reference Only,3 × 5.4 in at 100 PPI,file_8bae3eb84d75a429,Unclear,Date researched
img_38d2d7286d1a066a,Deodar Trees On Beaumont Avenue Today,"Deodar trees on Beaumont Avenue today, 2020s",Unknown,unknown,Original filename / collection working title,2018,2025,2010,False,False,Reference Only,3.4 × 2.2 in at 100 PPI,file_59bdcf2b98974c07,Unclear,Date researched
img_6ddebbe0de2a589d,Luis Estrad Road Sign B,"Luis Estrad Road sign, c. 2018-2021",Unknown,unknown,Original filename / collection working title,2018,2021,2010,False,False,Production Ready,36.3 × 27.2 in at 100 PPI,file_3fbf1ccc16ac2844,Unclear,Date researched
img_c822a8c6bb7c2f67,Luis Estrada Road Sign,"Luis Estrada Road sign, c. 2018-2021",Estrada family collection,high,Provenance embedded in original filename,2018,2021,2010,False,False,Production Ready,36.3 × 27.2 in at 100 PPI,file_b7090f8e72f9a1f4,Unclear,Date researched
img_3c18a28de48c53d4,Luis Estrada Road Sign With Stop Sign,"Luis Estrada Road sign with stop sign, c. 2018-2021",Estrada family collection,high,Provenance embedded in original filename,2018,2021,2010,False,False,Production Ready,27.2 × 36.3 in at 100 PPI,file_ea58d4af0db1b5e8,Unclear,Date researched
img_61eb33f53f56982d,Mccoy House Google,"McCoy House, 2018",Google Street View / Google Maps imagery (reference),low,Provenance embedded in original filename,2018,2018,2010,False,False,Reference Only,5.6 × 3.2 in at 100 PPI,file_e5e076eeda1458d9,Unclear,Needs research
img_3f4c4ca617098fd8,Ramona S Mexican Cafe A,"Ramona's Mexican Cafe, 2020s",Unknown,unknown,Original filename / collection working title,2018,2025,2010,False,False,Reference Only,3.5 × 3.5 in at 100 PPI,file_2761cd44f87cf90e,Unclear,Date researched
img_d36ca3005fd7406a,Ramona S Mexican Cafe B,"Ramona's Mexican Cafe, 2020s",Unknown,unknown,Original filename / collection working title,2018,2025,2010,False,False,Potentially Usable,18.1 × 13.6 in at 100 PPI,file_8ee6272b42d01b50,Unclear,Date researched
img_8ee30e567a4b5e66,Ramona S Mexican Cafe Brick Facade,"Ramona's Mexican Cafe brick facade, 2020s",Unknown,unknown,Original filename / collection working title,2018,2025,2010,False,False,Potentially Usable,18.1 × 13.6 in at 100 PPI,file_c5b9b973672e177c,Unclear,Date researched
img_a04b2576fd8d515e,Ramona S Mexican Cafe C,"Ramona's Mexican Cafe, 2020s",Unknown,unknown,Original filename / collection working title,2018,2025,2010,False,False,Reference Only,11.4 × 4.9 in at 100 PPI,file_516adc6d0d5d4aa4,Unclear,Date researched
img_87313621a59a7991,Ramona S Mexican Cafe D,"Ramona's Mexican Cafe, 2020s",Unknown,unknown,Original filename / collection working title,2018,2025,2010,False,False,Potentially Usable,13.8 × 18.4 in at 100 PPI,file_e7a7315138af86ed,Unclear,Date researched
img_040513e8698b345f,Ramona S Mexican Cafe E,"Ramona's Mexican Cafe, 2020s",Unknown,unknown,Original filename / collection working title,2018,2025,2010,False,False,Reference Only,4.7 × 6.3 in at 100 PPI,file_2ede6685d556e946,Unclear,Date researched
img_11892e76e7df49d3,Ramona S Mexican Cafe F,"Ramona's Mexican Cafe f, 2020s",Unknown,unknown,Original filename / collection working title,2018,2025,2010,False,False,Production Ready,29.1 × 21.8 in at 100 PPI,file_88fa5e2d2254e4ba,Unclear,Date researched
img_8da5c565955aa314,Ramona S Mexican Cafe G,"Ramona's Mexican Cafe g, 2020s",Unknown,unknown,Original filename / collection working title,2018,2025,2010,False,False,Potentially Usable,13.8 × 18.4 in at 100 PPI,file_74d1a6ce54810273,Unclear,Date researched
img_99255ef1fe8299f3,Ramona S Mexican Cafe H,"Ramona's Mexican Cafe h, 2020s",Unknown,unknown,Original filename / collection working title,2018,2025,2010,False,False,Potentially Usable,10.5 × 12.1 in at 100 PPI,file_2f8cef0cad2bf56b,Unclear,Date researched
img_9ae52f4064af37bc,Ramona S Mexican Cafe I,"Ramona's Mexican Cafe i, 2020s",Unknown,unknown,Original filename / collection working title,2018,2025,2010,False,False,Potentially Usable,18.1 × 13.6 in at 100 PPI,file_d03a8393c46eea66,Unclear,Date researched
img_00cfeb70e204b1b8,Ramona S Mexican Cafe Sombrero Bushes,"Ramona's Mexican Cafe sombrero bushes, 2020s",Unknown,unknown,Original filename / collection working title,2018,2025,2010,False,False,Potentially Usable,18.1 × 13.6 in at 100 PPI,file_962655806feabafc,Unclear,Date researched
img_4085f2ec04e2579d,Sacred Heart Barrio Church A,"Sacred Heart barrio Church, 2018",Unknown,unknown,Original filename / collection working title,2018,2018,2010,False,False,Production Ready,29.5 × 23.6 in at 100 PPI,file_650df043e5e2e4aa,Unclear,Needs research
img_82595c1c9806db2a,Sacred Heart Barrio Church B,"Sacred Heart Barrio church, 2018",Unknown,unknown,Original filename / collection working title,2018,2018,2010,False,False,Production Ready,36.3 × 27.2 in at 100 PPI,file_311496574ea50f4b,Unclear,Needs research
img_2a8133ae8e586364,Sacred Heart Barrio Church C,"Sacred Heart Barrio Church, 2018",Unknown,unknown,Original filename / collection working title,2018,2018,2010,False,False,Production Ready,36.3 × 27.2 in at 100 PPI,file_303abfacea1d519e,Unclear,Needs research
img_1c61ef08adc421b9,Triangle Gas Station Today,"Triangle Gas Station Today, 2020s",Unknown,unknown,Original filename / collection working title,2018,2025,2010,False,False,Production Ready,29.4 × 22 in at 100 PPI,file_7a3b86bcab8d325e,Unclear,Date researched
img_591fdce9e557db2e,Wctu Fountain In Triangle Park,"WCTU Fountain in Triangle Park 1, 2020s",Unknown,unknown,Original filename / collection working title,2018,2025,2010,False,False,Production Ready,27.2 × 36.3 in at 100 PPI,file_08c3ada934612843,Unclear,Date researched
img_284993317d64a5e4,Wctu Fountain In Triangle Park,"WCTU Fountain in Triangle Park 2, 2020s",Unknown,unknown,Original filename / collection working title,2018,2025,2010,False,False,Production Ready,27.2 × 36.3 in at 100 PPI,file_857af43088f0964d,Unclear,Date researched
img_8aa40ef6d2dbc201,Wctu Fountain In Triangle Park,"WCTU Fountain in Triangle Park 3, 2020s",Unknown,unknown,Original filename / collection working title,2018,2025,2010,False,False,Production Ready,27.2 × 36.3 in at 100 PPI,file_ff4eedae9c14d622,Unclear,Date researched
img_40d6c2b8e19fd527,Wctu Fountain In Triangle Park,"WCTU Fountain in Triangle Park 4, 2020s",Unknown,unknown,Original filename / collection working title,2018,2025,2010,False,False,Production Ready,36.3 × 27.2 in at 100 PPI,file_c860b7bfd3705839,Unclear,Date researched
img_a999fd2c808b66bb,Wctu Fountain In Triangle Park,"WCTU Fountain in Triangle Park 5, 2020s",Unknown,unknown,Original filename / collection working title,2018,2025,2010,False,False,Production Ready,27.2 × 36.3 in at 100 PPI,file_a662c780fca25927,Unclear,Date researched
img_3c8f15b64eec6c9e,Wctu Fountain In Triangle Park,"WCTU Fountain in Triangle Park 6, 2020s",Unknown,unknown,Original filename / collection working title,2018,2025,2010,False,False,Production Ready,36.3 × 27.2 in at 100 PPI,file_86c4384cc2ebd0b4,Unclear,Date researched
img_661c04fefa693750,Eyer House,"Eyer House, 2019",Unknown,unknown,Original filename / collection working title,2019,2019,2010,False,False,Potentially Usable,13.8 × 10.4 in at 100 PPI,file_96af4be1e750e779,Unclear,Needs research
img_6ddd05571b501d15,Sixth St Northside Between Egan And California Google,"Sixth St. northside between Egan and California, 2019",Google Street View / Google Maps imagery (reference),low,Provenance embedded in original filename,2019,2019,2010,False,False,Reference Only,5.6 × 1.4 in at 100 PPI,file_48f58bffb83ef426,Unclear,Needs research
img_e4260d9b7f031559,Beaumont Woman S Club Google,"Beaumont Woman's Club, 2020",Google Street View / Google Maps imagery (reference),low,Provenance embedded in original filename,2020,2020,2020,False,False,Reference Only,6 × 4.1 in at 100 PPI,file_4ab5724ff013fb16,Unclear,Needs research
img_0092d056a315fe98,Bogart House,"Bogart House, Feb 2020",Unknown,unknown,Original filename / collection working title,2020,2020,2020,False,False,Production Ready,29.4 × 22 in at 100 PPI,file_3a1b2926f591600a,Unclear,Date researched
img_64fee8a381ae5df5,Stewart Sunnylope Cemetery Google,"Stewart Sunnylope Cemetery, May 2020",Google Street View / Google Maps imagery (reference),low,Provenance embedded in original filename,2020,2020,2020,False,False,Reference Only,12.6 × 6.9 in at 100 PPI,file_65cf206eb07e504a,Unclear,Date researched
img_56f78e949de648f8,Stewart Sunnyslope Gate,"Stewart Sunnyslope gate, 2020",Unknown,unknown,Original filename / collection working title,2020,2020,2020,False,False,Production Ready,36.3 × 27.2 in at 100 PPI,file_02761f9991fc3a09,Unclear,Needs research
img_95da879f3752095a,Estrada Road,"Luis Estrada Road 20th anniversary, 2021",Estrada family,confirmed,San Gorgonio Pass Historical Society timeline (httpssgphs.org),2021,2021,2020,False,False,Production Ready,24.1 × 16.6 in at 100 PPI,file_1e37f114b207bc9c,Unclear,Needs research
img_acf4949ced58906e,First Christian Church Egan Ave B,"First Christian Church 701 Egan Ave. 5-2022, 2022",Unknown,unknown,Original filename / collection working title,2022,2022,2020,False,False,Production Ready,36.3 × 27.2 in at 100 PPI,file_a0b39c74d9c8e44c,Unclear,Needs research
img_7dbe92a607028a11,Triangle Park Google,"Triangle Park, March 2022",Google Street View / Google Maps imagery (reference),low,Provenance embedded in original filename,2022,2022,2020,False,False,Reference Only,2.9 × 2 in at 100 PPI,file_70d8ee7615df2627,Unclear,Date researched
img_23a4b70023473f20,Tracy Caldwell Dyson,"Tracy Caldwell Dyson, NASA portrait, 2023",Robert Markowitz / NASA Johnson Space Center,confirmed,San Gorgonio Pass Historical Society timeline (httpssgphs.org),2023,2023,2020,False,False,Production Ready,34.8 × 43.5 in at 100 PPI,file_b9dd258cb0de2b18,Unclear,Needs research
img_31a2aed058e380fd,Former Summit School,"Former Summit School, 2024",Unknown,unknown,Original filename / collection working title,2024,2024,2020,False,False,Potentially Usable,18.1 × 13.6 in at 100 PPI,file_a40f578aada259a5,Unclear,Needs research
img_366a85910d2e675f,Nancy Motel Postcard On Ebay,"Nancy Motel postcard on, 2024",eBay postcard listing (original holder unknown),low,Provenance embedded in original filename,2024,2024,2020,False,False,Potentially Usable,14.4 × 10.8 in at 100 PPI,file_b7bb96ebb89b89d1,Unclear,Needs research
img_dd956905449c7642,Sixth Street From Ebay,"Sixth Street Photo from, 2024",eBay postcard listing (original holder unknown),low,Provenance embedded in original filename,2024,2024,2020,False,False,Reference Only,5.8 × 4 in at 100 PPI,file_5ba83821544ccfb8,Unclear,Needs research
img_d5db437b82ea712d,Sixth Street Postcard Ebay Front,"Sixth Street postcard, 2024",eBay postcard listing (original holder unknown),low,Provenance embedded in original filename,2024,2024,2020,False,False,Potentially Usable,13.8 × 9.7 in at 100 PPI,file_a14d2fb7a6183204,Unclear,Needs research
img_21b5c2878b287c35,Gil Sr And Christine Vargas Cherry Festival Parade,"Gil Sr. and Christine Vargas Cherry Festival parade, May 31, 2025",Unknown,unknown,Original filename / collection working title,2025,2025,2020,False,False,Potentially Usable,13.6 × 18.1 in at 100 PPI,file_4dbd69b37b339207,Unclear,Date researched
img_6345c804830d0a07,Hotel Beaumont Location Today Google,"Hotel Beaumont location today, May 2025",Google Street View / Google Maps imagery (reference),low,Provenance embedded in original filename,2025,2025,2020,False,False,Reference Only,5.6 × 3.2 in at 100 PPI,file_9e8b5924dd97514e,Unclear,Date researched
img_c01f0729b7635aa7,Hotel Beaumont Location Today Google,"Hotel Beaumont location today, May 2025",Google Street View / Google Maps imagery (reference),low,Provenance embedded in original filename,2025,2025,2020,False,False,Reference Only,6.3 × 1.6 in at 100 PPI,file_6b385c430809c7a7,Unclear,Date researched
img_5bcc7a2a42f3de62,Ramona S Mexican Caf Vargas Family At Cherry Festival Parade,"Ramona’s Mexican Café Vargas family at Cherry Festival parade, May 31, 2025",Unknown,unknown,Original filename / collection working title,2025,2025,2020,False,False,Potentially Usable,18.1 × 13.6 in at 100 PPI,file_6192edb242c32eb0,Unclear,Date researched
img_816fb6e3233bbf73,Sunset Plaza Hotel,"Sunset Plaza Hotel, April 2025 (historic hotel)",Unknown,unknown,Original filename / collection working title,2025,2025,2020,False,False,Potentially Usable,18.1 × 13.6 in at 100 PPI,file_684ec63f8685e196,Unclear,Date researched
img_cb8fe08683e0e832,Vargas Family Of Ramona S Mexican Cafe Cherry Festival Parade,"Vargas family of Ramona's Mexican Cafe Cherry Festival parade 2, May 31, 2025",Unknown,unknown,Original filename / collection working title,2025,2025,2020,False,False,Potentially Usable,18.1 × 13.6 in at 100 PPI,file_489876cff0b588c0,Unclear,Date researched
